design,case_id,version,loc,cyclomatic_complexity,response_time_ms,passed
independent,I-001,baseline,109.3777522122648,6,256.6428484494483,True
independent,I-002,baseline,52.42667132345789,6,248.85704385018894,True
independent,I-003,baseline,384.3415786161476,5,309.8587981801529,True
independent,I-004,baseline,102.11060451605796,4,238.0538279554336,True
independent,I-005,baseline,108.06481626713038,6,246.43992012131184,True
independent,I-006,baseline,224.1079073786779,6,237.72960159087555,False
independent,I-007,baseline,295.46446178676865,9,277.30695456883177,False
independent,I-008,baseline,153.42760425306727,5,247.79088161289891,False
independent,I-009,baseline,224.7528917589639,8,272.0721464423075,True
independent,I-010,baseline,137.62682955178423,10,250.1358580845528,True
independent,I-011,baseline,173.2996464115706,6,208.28739463515254,True
independent,I-012,baseline,123.00289891272813,7,255.57871852282008,True
independent,I-013,baseline,107.07709268255014,5,261.4426756633994,True
independent,I-014,baseline,58.12328841530059,3,265.09600359176346,True
independent,I-015,baseline,131.01216176228283,5,208.22458323455874,True
independent,I-016,baseline,78.10242639898141,7,238.0000301630497,True
independent,I-017,baseline,70.17197720285023,4,197.4036469510773,True
independent,I-018,baseline,158.844486258592,3,219.88535994023138,True
independent,I-019,baseline,132.06489700266886,7,237.7555121646394,True
independent,I-020,baseline,128.8832514180295,5,211.4416365463133,True
independent,I-021,baseline,250.90627465597748,8,250.5127520713413,True
independent,I-022,baseline,47.193144047341875,3,208.94639528675563,True
independent,I-023,baseline,209.8477375157633,6,218.06679054075408,True
independent,I-024,baseline,61.91202649383814,6,225.5526197241583,True
independent,I-025,baseline,76.1044558508771,6,256.1328021608766,True
independent,I-026,baseline,178.2022493250686,6,214.96035904100495,False
independent,I-027,baseline,255.92803986332268,4,223.04097859747463,True
independent,I-028,baseline,129.6287372852964,7,221.37873419155463,True
independent,I-029,baseline,179.24798742566585,6,290.607606220238,False
independent,I-030,baseline,276.09816465115296,3,237.50658144196902,True
independent,I-031,baseline,94.66399449094982,5,258.7075289571734,True
independent,I-032,baseline,152.2797295260964,6,258.56639538936366,True
independent,I-033,baseline,36.32801525425201,3,220.16678776723361,False
independent,I-034,baseline,114.6557509728425,4,236.1671848954271,True
independent,I-035,baseline,113.82314015355294,5,195.38089449221462,True
independent,I-036,baseline,153.7929125782254,7,252.6168423280956,True
independent,I-037,baseline,151.3134561979647,4,213.01197563317322,True
independent,I-038,baseline,129.63736742042425,5,244.88380813605283,True
independent,I-039,baseline,48.8476537463276,6,239.44936443761821,False
independent,I-040,baseline,119.63316496493454,5,221.00009438520425,True
independent,I-041,baseline,102.4648090103043,7,253.77579912183123,True
independent,I-042,baseline,165.55319340641825,7,255.86613844991652,True
independent,I-043,baseline,61.47517128938493,2,219.68769371097133,True
independent,I-044,baseline,181.78539941338275,5,263.81021916304155,True
independent,I-045,baseline,233.63637193869323,4,277.8485641782708,True
independent,I-046,baseline,158.51933086248843,4,222.93736843034355,True
independent,I-047,baseline,111.30978020738162,7,248.57617800862874,True
independent,I-048,baseline,180.4571160293615,5,256.1869014072064,True
independent,I-049,baseline,136.48079197506362,6,241.34122356211103,True
independent,I-050,baseline,81.02932576224553,7,241.08238595344824,True
independent,I-051,baseline,285.5733126551419,3,260.4215814834379,False
independent,I-052,baseline,90.44994570998783,6,253.27480846664892,False
independent,I-053,baseline,88.41269912207493,6,224.83083204934604,True
independent,I-054,baseline,43.23497264045321,7,219.72605273458896,False
independent,I-055,baseline,169.1746568280019,5,268.9010576702748,True
independent,I-056,baseline,87.45088350641313,7,215.98537466174417,True
independent,I-057,baseline,66.14625656413679,6,218.75343841804815,True
independent,I-058,baseline,223.82210604291154,8,260.8239653504157,False
independent,I-059,baseline,80.14546142278046,5,216.23967485508012,True
independent,I-060,baseline,90.95564400342704,6,201.33796502653524,True
independent,I-061,baseline,146.89480637078717,4,248.25095071510202,True
independent,I-062,baseline,731.6140080312256,11,371.720336900277,True
independent,I-063,baseline,181.8357072933284,5,227.79076677819938,True
independent,I-064,baseline,335.2097564889258,7,266.71439806371325,False
independent,I-065,baseline,221.096439185637,8,234.87709578639723,False
independent,I-066,baseline,109.56523492475046,5,246.87056595292265,True
independent,I-067,baseline,62.754076303999135,7,304.753747419921,True
independent,I-068,baseline,264.5395616377746,6,224.90438497505426,True
independent,I-069,baseline,105.12042199520705,5,240.08515208482513,True
independent,I-070,baseline,49.9375899833553,5,203.69666454432948,True
independent,I-071,baseline,80.6765669570573,5,222.72942158715318,True
independent,I-072,baseline,123.96382213420625,7,269.35956378579516,True
independent,I-073,baseline,90.7634018570754,3,171.172694782346,True
independent,I-074,baseline,92.3272882537338,5,172.4352118603832,True
independent,I-075,baseline,127.7027847537052,6,179.60232977178123,True
independent,I-076,baseline,252.24594889830007,4,264.9545168486856,True
independent,I-077,baseline,86.74918866991938,7,229.620568162142,True
independent,I-078,baseline,205.07479221034635,6,304.4160748286549,True
independent,I-079,baseline,203.61760632471342,5,228.36171648776318,False
independent,I-080,baseline,92.5149429177368,6,229.8920180424834,True
independent,J-001,optimized,195.83190982544465,6,270.64750798236895,True
independent,J-002,optimized,64.71979488558244,5,193.00405098895595,True
independent,J-003,optimized,83.89907835549634,6,216.13114596078836,True
independent,J-004,optimized,87.01569137222326,8,230.06833595657346,True
independent,J-005,optimized,160.63542144977052,4,222.20374813643207,True
independent,J-006,optimized,55.432414044883316,5,161.09102230327719,True
independent,J-007,optimized,187.48628297478487,5,238.91479511222082,True
independent,J-008,optimized,100.91850103428514,9,243.4858132553915,True
independent,J-009,optimized,160.4542185832678,3,244.935132494218,False
independent,J-010,optimized,168.11234589122412,7,210.59825166560836,True
independent,J-011,optimized,81.49730305147162,7,267.8332152936961,True
independent,J-012,optimized,172.39307932444322,6,250.85252718622422,True
independent,J-013,optimized,88.07086845492204,6,172.29529672324017,True
independent,J-014,optimized,104.48814323277267,5,241.36931772890748,True
independent,J-015,optimized,143.35977599015436,5,224.79444120065588,False
independent,J-016,optimized,105.42848449393847,7,265.31314827947864,False
independent,J-017,optimized,112.34571805518515,5,239.7322722865895,True
independent,J-018,optimized,110.47238779441798,9,201.52469849119151,True
independent,J-019,optimized,276.04861570477215,7,306.8730254785931,True
independent,J-020,optimized,59.77664482427169,4,211.86034258759443,True
independent,J-021,optimized,153.4175759252375,7,220.94440565599552,True
independent,J-022,optimized,104.4612369169283,5,207.49988357742257,True
independent,J-023,optimized,143.28815219124354,4,234.6951772414152,True
independent,J-024,optimized,235.66877097335293,5,264.9160710583969,True
independent,J-025,optimized,137.5665013598259,7,236.90249677195814,True
independent,J-026,optimized,149.4756248651176,5,231.32230205901,True
independent,J-027,optimized,111.64796268295672,8,208.60226485603528,True
independent,J-028,optimized,139.9941912188673,7,255.25710449313598,True
independent,J-029,optimized,121.17163879769053,6,209.0834318155918,True
independent,J-030,optimized,80.01484226352876,4,226.03397119502932,True
independent,J-031,optimized,54.640206693656246,4,226.07971143983568,True
independent,J-032,optimized,73.91697454313476,7,234.44005180679838,True
independent,J-033,optimized,159.31750661759628,7,278.9119721169206,True
independent,J-034,optimized,391.5843824744663,7,289.2090906016103,True
independent,J-035,optimized,270.9450668501389,7,241.58017388529063,True
independent,J-036,optimized,137.22063581673862,6,202.94739725356746,True
independent,J-037,optimized,164.27226556401092,7,263.5669175239199,True
independent,J-038,optimized,230.98380766698494,8,235.4462442302499,True
independent,J-039,optimized,59.18489400222821,4,190.643139571821,False
independent,J-040,optimized,69.2513076040718,5,249.41841364848497,False
independent,J-041,optimized,101.44963793735633,10,242.70671211457838,True
independent,J-042,optimized,35.65576185991767,3,172.76062840846313,True
independent,J-043,optimized,72.90776395998887,3,240.66453202575377,True
independent,J-044,optimized,42.66134839723507,5,222.44560026518633,True
independent,J-045,optimized,483.19958802697,6,271.23261478078126,True
independent,J-046,optimized,177.6975751463846,8,262.17801555283575,True
independent,J-047,optimized,189.6602514364897,9,212.85071424541087,True
independent,J-048,optimized,297.7292522674248,9,271.42653990965727,True
independent,J-049,optimized,129.17068407758632,5,240.07755388550663,True
independent,J-050,optimized,75.8457455329112,8,221.4537481059297,True
independent,J-051,optimized,54.71094995762889,5,217.03988329738746,True
independent,J-052,optimized,256.7830337595982,5,268.88456321214585,True
independent,J-053,optimized,91.92265982456306,3,217.24762162995233,False
independent,J-054,optimized,216.73639125453548,7,225.13626163601904,True
independent,J-055,optimized,93.97708513784185,4,221.77080523429115,True
independent,J-056,optimized,134.37179245992684,6,208.34692790224142,True
independent,J-057,optimized,69.17984374359708,6,204.06325695068065,True
independent,J-058,optimized,164.86597815608877,6,241.25020973161696,True
independent,J-059,optimized,262.4493358802319,6,211.09576206459906,True
independent,J-060,optimized,118.97782713636052,5,219.815943218416,True
independent,J-061,optimized,91.56096225574451,6,184.1289734064292,True
independent,J-062,optimized,91.7011898294952,5,179.39188861808995,True
independent,J-063,optimized,195.81561172449835,5,160.77475643733197,True
independent,J-064,optimized,140.83341392622668,4,215.15221346256973,True
independent,J-065,optimized,118.42500770472189,7,253.89058390773374,True
independent,J-066,optimized,59.35026677195446,2,211.3296134597788,True
independent,J-067,optimized,95.08817914061758,7,215.7331161688766,True
independent,J-068,optimized,122.84976170380308,5,244.15503534241853,True
independent,J-069,optimized,184.50350588069492,6,279.41656206111236,True
independent,J-070,optimized,188.6254258250731,7,248.5667049300663,True
independent,J-071,optimized,154.28781774534892,9,234.01255468580365,True
independent,J-072,optimized,127.74313398517583,2,231.78550281601193,False
independent,J-073,optimized,71.57286062367166,6,249.6470457817709,True
independent,J-074,optimized,37.013347556701554,4,192.18851082014865,True
independent,J-075,optimized,217.96394844103824,7,242.76717855579625,True
independent,J-076,optimized,206.42358738561265,6,257.69168844574887,True
independent,J-077,optimized,226.97862787975725,5,266.9331084222311,True
independent,J-078,optimized,112.75142132133858,6,219.26466236015997,True
independent,J-079,optimized,171.17767849694079,6,237.89106709948845,True
independent,J-080,optimized,358.98807279523857,7,302.3373906771209,True
paired,P-001,baseline,230.631438303032,6,275.42751783142626,True
paired,P-002,baseline,100.68643594089943,5,249.82038402862668,True
paired,P-003,baseline,97.16481830767307,5,249.44450106636685,True
paired,P-004,baseline,59.64380664585818,5,238.7450094870421,True
paired,P-005,baseline,36.44980855415658,5,246.28143950012648,True
paired,P-006,baseline,153.69032052797533,7,287.53540433432875,True
paired,P-007,baseline,85.22781001364098,5,214.53733713068172,True
paired,P-008,baseline,172.99162813797753,9,257.2905939167889,True
paired,P-009,baseline,119.61078223613583,7,244.92470817714891,True
paired,P-010,baseline,273.61246944853303,6,292.24728268834315,True
paired,P-011,baseline,84.73071876967037,5,228.69472175088313,False
paired,P-012,baseline,60.55950532515564,3,231.72837280157088,True
paired,P-013,baseline,129.7490484006756,5,254.18428316904382,True
paired,P-014,baseline,279.3813232021779,7,274.646830683687,True
paired,P-015,baseline,56.83528066137731,6,213.50039041489572,True
paired,P-016,baseline,67.57854293596037,6,223.7098306335141,True
paired,P-017,baseline,71.87449288403658,8,210.71626279409048,True
paired,P-018,baseline,93.52473629134377,6,231.80960873481683,True
paired,P-019,baseline,112.88091204421289,5,228.0264772072983,True
paired,P-020,baseline,154.26547908848931,4,249.71436841449744,True
paired,P-021,baseline,169.37013132227054,7,247.05842116382777,False
paired,P-022,baseline,53.534217814647214,6,229.33947779749116,False
paired,P-023,baseline,129.72865656621428,10,238.14932647917428,True
paired,P-024,baseline,72.08239124871602,9,230.78238001844517,True
paired,P-025,baseline,74.3492923914315,8,213.50447783691692,False
paired,P-026,baseline,84.09533961556262,4,246.4219947811938,True
paired,P-027,baseline,126.35498293559817,3,214.04658229761569,False
paired,P-028,baseline,67.56923951356566,5,221.0204165142291,True
paired,P-029,baseline,77.2874701418768,5,233.04746347468117,False
paired,P-030,baseline,65.19444371728697,4,248.57900632366264,False
paired,P-031,baseline,100.35209085812079,5,214.41850661667453,True
paired,P-032,baseline,128.05324665375736,5,194.63741466016467,True
paired,P-033,baseline,47.41747463808241,2,210.75071994742763,True
paired,P-034,baseline,114.43934757169086,8,235.94443438074538,True
paired,P-035,baseline,77.03292488203071,6,233.75134936560448,False
paired,P-036,baseline,115.26735525875179,5,243.53835600402212,True
paired,P-037,baseline,126.95022672938926,6,234.79305544816842,False
paired,P-038,baseline,70.36534180312346,6,229.20566582373525,False
paired,P-039,baseline,35.39539657814812,4,237.08645632243685,True
paired,P-040,baseline,215.4341109416791,5,216.95704136752875,True
paired,P-041,baseline,78.80937709609765,5,253.63767086815378,True
paired,P-042,baseline,230.0144529511786,8,256.01817934898594,True
paired,P-043,baseline,96.62249904419825,6,230.515975039352,False
paired,P-044,baseline,64.88733622336234,6,222.4535030237212,True
paired,P-045,baseline,159.6644484859069,8,269.24805055082743,True
paired,P-046,baseline,75.17398293313377,5,207.79270100341762,True
paired,P-047,baseline,109.12982098393164,4,222.56575740335686,True
paired,P-048,baseline,129.03335744718544,7,252.64445223776892,True
paired,P-049,baseline,183.0723389886285,8,223.85814700062818,True
paired,P-050,baseline,129.48511357287637,7,260.708158693538,True
paired,P-051,baseline,94.34812598518097,3,213.98059958186775,False
paired,P-052,baseline,82.46972039228899,3,242.85850658789764,True
paired,P-053,baseline,99.35056166257694,4,252.2046551527545,True
paired,P-054,baseline,47.05795668413854,3,224.22441420000442,True
paired,P-055,baseline,218.7922765532147,7,249.34794945389817,True
paired,P-056,baseline,44.002489964580704,7,232.41674341191282,False
paired,P-057,baseline,208.54099962199453,4,254.87431175018048,True
paired,P-058,baseline,241.31399753880626,7,273.2270936618528,True
paired,P-059,baseline,116.23467298748348,5,236.06037969255414,True
paired,P-060,baseline,50.449278871724864,6,215.00770853768879,True
paired,P-001,optimized,230.631438303032,6,269.4294520444155,True
paired,P-002,optimized,100.68643594089943,5,245.67305196599432,True
paired,P-003,optimized,97.16481830767307,5,238.48574405066805,True
paired,P-004,optimized,59.64380664585818,5,218.69432169216785,True
paired,P-005,optimized,36.44980855415658,5,246.47127757327564,True
paired,P-006,optimized,153.69032052797533,7,251.8646117378722,True
paired,P-007,optimized,85.22781001364098,5,229.02026579444964,True
paired,P-008,optimized,172.99162813797753,9,224.86536419370668,True
paired,P-009,optimized,119.61078223613583,7,223.54250397155994,True
paired,P-010,optimized,273.61246944853303,6,263.5631701004902,True
paired,P-011,optimized,84.73071876967037,5,230.79179878706614,True
paired,P-012,optimized,60.55950532515564,3,208.60743688164493,True
paired,P-013,optimized,129.7490484006756,5,239.13961071539998,True
paired,P-014,optimized,279.3813232021779,7,255.01903895401583,True
paired,P-015,optimized,56.83528066137731,6,194.8505427578749,True
paired,P-016,optimized,67.57854293596037,6,199.9760170264458,False
paired,P-017,optimized,71.87449288403658,8,206.99267532811004,True
paired,P-018,optimized,93.52473629134377,6,205.7046962812501,True
paired,P-019,optimized,112.88091204421289,5,199.8010728772351,True
paired,P-020,optimized,154.26547908848931,4,227.01696874553463,True
paired,P-021,optimized,169.37013132227054,7,252.90533101453917,True
paired,P-022,optimized,53.534217814647214,6,199.17578758794022,True
paired,P-023,optimized,129.72865656621428,10,222.26200657143715,True
paired,P-024,optimized,72.08239124871602,9,189.35787315089266,True
paired,P-025,optimized,74.3492923914315,8,216.72274607713425,True
paired,P-026,optimized,84.09533961556262,4,246.32604325487898,True
paired,P-027,optimized,126.35498293559817,3,187.13981331980148,True
paired,P-028,optimized,67.56923951356566,5,183.12198735560264,True
paired,P-029,optimized,77.2874701418768,5,227.0494424626003,True
paired,P-030,optimized,65.19444371728697,4,229.33952087068747,True
paired,P-031,optimized,100.35209085812079,5,201.4012406026003,True
paired,P-032,optimized,128.05324665375736,5,197.75219647433028,True
paired,P-033,optimized,47.41747463808241,2,220.53018799245154,False
paired,P-034,optimized,114.43934757169086,8,198.72730373257207,True
paired,P-035,optimized,77.03292488203071,6,260.0414431959491,True
paired,P-036,optimized,115.26735525875179,5,227.4878741168346,True
paired,P-037,optimized,126.95022672938926,6,238.20186433027686,True
paired,P-038,optimized,70.36534180312346,6,213.7027097007471,True
paired,P-039,optimized,35.39539657814812,4,195.28801419963918,True
paired,P-040,optimized,215.4341109416791,5,205.66075182797786,True
paired,P-041,optimized,78.80937709609765,5,234.4713367027645,True
paired,P-042,optimized,230.0144529511786,8,234.86818856135747,True
paired,P-043,optimized,96.62249904419825,6,190.6560165431283,True
paired,P-044,optimized,64.88733622336234,6,203.95506888254735,True
paired,P-045,optimized,159.6644484859069,8,260.5962779009149,True
paired,P-046,optimized,75.17398293313377,5,178.63125768796928,True
paired,P-047,optimized,109.12982098393164,4,188.38358694504694,True
paired,P-048,optimized,129.03335744718544,7,230.36800031341184,True
paired,P-049,optimized,183.0723389886285,8,184.8822111138807,True
paired,P-050,optimized,129.48511357287637,7,237.03587792061498,True
paired,P-051,optimized,94.34812598518097,3,203.53803504444065,True
paired,P-052,optimized,82.46972039228899,3,200.32782555250677,True
paired,P-053,optimized,99.35056166257694,4,220.7905986686053,True
paired,P-054,optimized,47.05795668413854,3,230.42450306324858,True
paired,P-055,optimized,218.7922765532147,7,240.7172524698379,True
paired,P-056,optimized,44.002489964580704,7,221.6362582710849,True
paired,P-057,optimized,208.54099962199453,4,229.20103001416447,True
paired,P-058,optimized,241.31399753880626,7,275.45806123103046,True
paired,P-059,optimized,116.23467298748348,5,232.2892918616275,True
paired,P-060,optimized,50.449278871724864,6,206.6977240682206,True
